id,numero,titolo,descrizione
111111,1,Il Creativo (qian),
000000,2,Il Ricettivo (kun),
010001,3,La difficoltà iniziale (zhun),
100010,4,La stoltezza giovanile (meng),
010111,5,L'attesa (xu),
111010,6,La lite (song),
000010,7,L'esercito (shi),
010000,8,La soliedarietà (bi),
110111,9,La forza domatrice del piccolo (xiao xu),
111011,10,Il procedere (lu),
000111,11,La pace (thai),
111000,12,Il ristagno (pi),
111101,13,L'Associazione tra uomini (tongren),
101111,14,Il Possesso grande (dayou),
000100,15,La Modestia (qian),
001000,16,Il fervore (yu),
011001,17,IL Seguire (sui),
100110,18,L'Emandamento delle cose giuste (gu),
000011,19,L'avvicinamento (lin),
110000,20,La Contemplazione (guan),
101001,21,Il Morso che spezza (shike),
100101,22,L'Avvenenza (bi),
100000,23,La Frantumazione (bo),
000001,24,Il Ritorno (fu),
111001,25,L'innocenza (wu wang),
100111,26,La forza domatrice del piccolo (daxu),
100001,27,Gli Angoli della bocca (yi),
011110,28,La preponderanza del grande (daguo),
010010,29,L'Abissale (kan),
101101,30,L'Aderente (li),
011100,31,La Stimolazione (xian),
001110,32,La Durata (heng),
111100,33,La ritirata,
001111,34,La Potenza del grande (da zhuang),
101000,35,Il Progresso (jin),
000101,36,L'Ottenebramento (ming yi),
110101,37,La Casata (jia ren),
101011,38,La Contrapposizione (kui),
010100,39,L'impedimento (jian),
001010,40,La Liberazione (xie),
100011,41,La Diminuizione (sun),
110001,42,L'Accrescimento (yi),
011111,43,Lo Straripamento (guai),
111110,44,Il Farsi Incontro (gou),
011000,45,La Raccolta (cui),
000110,46,L'Ascendere (sheng),
011010,47,L'Assillo (kun),
010110,48,Il Pozzo (jing),
011101,49,Il Sovvertimento (ge),
101110,50,Il Crogiolo (ting),
001001,51,L'Eccitante (zhen),
100100,52,L'Arresto (gen),
110100,53,Lo Sviluppo (jian),
001011,54,La Ragazza che si sposa (gui mei),
001101,55,L'Abbondanza (feng),
101100,56,Il Viandante (lu),
110110,57,Il Mite (xun),
011011,58,"Il Sereno, il Lago (dui)",
110010,59,La Dissoluzione (huan),
010011,60,La Delimitazione (jie),
110011,61,La Verità interiore (zhong fu),
001100,62,La Preponderanza del piccolo,
010101,63,Dopo il compimento (ji ji),
101010,64,Prima del compimento (wei ji),